"","gsm1667144","gsm1667145","gsm1667146","gsm336252","gsm336253","gsm336254","gsm336255","gsm336256","gsm336257","gsm336258","gsm336259","gsm336260","gsm336261","gsm336262","gsm336263","gsm336264","gsm336265","gsm336266","gsm336267","gsm336268","gsm336269","gsm336270","gsm336271","gsm336272","gsm336273","gsm336274","gsm336275","gsm336276","gsm336277","gsm336278","gsm52661","gsm52662","gsm52663","gsm52664","gsm52665","gsm52666","gsm52667","gsm52668","gsm52669","gsm52670","gsm52671","gsm9098","gsm9099","gsm9100","gsm9101","gsm9102","gsm569424","gsm569425","gsm569426","gsm569427","gsm569428","Min","Max","Mean"
"FSCN2",4.55,5.1,4.25,2.43,2.26,0.77,1.68,3.31,1.32,4.24,4.06,0.38,1.43,3.15,2.68,2.98,1.07,2.81,1.2,1.96,3.96,2,0.58,0.93,2.43,1.81,3.71,1.58,2.61,0.77,0.68,2.91,0.26,-1.32,3.75,1.38,3.46,0.14,3.29,-0.51,2.61,0.77,0.93,1.2,0,-1,4.15,4.01,3.95,3.88,3.94,-1.32,5.1,2.15603773584906
"ZNF750",3.19,3.04,3.23,0,2.1,-1.74,-1,1.14,1.07,-0.32,-1.74,0.77,2.38,0.26,-1.32,1.38,1.49,1.07,3,-0.15,-1.32,2.49,0,3.78,2.26,2.41,-0.32,-0.32,2.89,-1,2.61,2.46,2.66,2.94,1.96,1,-1,2.14,2.26,0.14,-1.32,1.85,5.28,-0.51,1.43,0.14,3.45,3.29,3.32,3.26,3.23,-1.74,5.28,1.37452830188679
"RAC3",4.89,5.05,3.5,1.38,0.68,0.77,1.72,1.38,2.56,1.63,3.04,0.26,1.77,1.63,1,0.68,1.49,1.54,1.38,1.68,4.82,0.77,1.26,1.2,1.2,1.2,1.85,1.07,0.38,0.14,0.77,1.96,1.26,1.2,3.6,1.2,1.43,1.26,1.26,2.29,0.93,1.81,5.29,2.04,1.77,1.63,4.78,4.46,4.28,4.46,4.39,0.14,5.29,2.06452830188679
"CDHR5",2.67,3.15,2.56,0.55,-0.1,2.09,1.34,1.69,3.94,0.42,0.42,0.85,0.79,1.38,0.95,0.68,1.72,1.2,0.38,1.74,1.28,0.87,1.18,2.21,0.58,1.9,0.85,0.93,0.38,1.12,1.5,1.95,0.93,0.74,2.25,2.15,1.96,1.71,0.55,-0.05,0.65,1.78,2.87,2.17,1.09,0.77,5.47,4.89,4.62,4.57,4.48,-0.1,5.47,1.73849056603774
"NPTX1",4.15,5.14,3,4.25,4.45,4.07,4.45,2.72,5.01,1.38,3.05,4.16,2.49,3.96,4.25,1.89,1.77,3.84,4.19,3.47,4.96,4.46,4.93,5.37,4.46,3.67,2.54,1.96,-0.15,4.05,0.68,4.09,0.68,2.04,2.81,4.09,3.67,3.19,0.49,4.36,4.94,5.59,4.68,5.11,5.36,5.17,5.25,4.87,5.28,4.92,4.98,-0.15,5.59,3.6911320754717
"DNAH17",3.55,3.34,4.79,2.84,3.32,3.74,2.71,2.75,5.01,2.55,3.52,3.78,2.74,3.36,1.04,2.69,3.52,2.64,3.09,3.7,2.28,3.73,3.87,4.04,3.5,4.51,3.18,3.17,2.19,3.08,4.27,3.22,3.52,4.98,5.61,5.06,4.43,4.4,4.72,1.72,4.41,5.04,4.06,3.72,3.98,4.08,4.82,4.48,4.36,4.33,4.13,1.04,5.61,3.66452830188679
"CBX2",3.5,4.67,3.26,3.44,4.79,4.14,4.51,3.96,5.1,4.35,4.55,4.33,4.28,4.39,4.46,4.32,4.31,4.69,4.54,4.62,4.39,5.62,4.87,4.89,5.14,4.57,4.64,4.08,4.2,4.24,2.74,1.77,1,1.93,2.54,2.1,0.85,4.19,2.43,1.85,3.23,1.81,2.98,2.81,4.11,5.52,5.61,4.87,5.07,4.5,4.47,0.85,5.62,3.8811320754717
"HMGA2",2.88,2.85,2.71,2.26,2.42,2.23,3.06,2.88,4.58,3.15,2.6,3.05,2.33,3.04,2.53,3.07,3.19,2.25,2.91,3.67,3.29,3.96,3.97,4.17,3.44,3.39,3.36,2.99,2.2,2.96,4.61,4.25,5.61,4.97,5.09,5.02,4.26,4.42,4.16,4.58,4.33,5.62,4.46,3.54,3.69,4.55,4.5,4.02,4.29,4.02,4.38,2.2,5.62,3.65245283018868
"C11orf21",3.92,2.51,2.56,4.36,4.37,4.13,3.69,3.52,5,4.63,4.51,4.49,4.49,4.4,4.61,4.18,4.57,3.5,4.27,2.85,4.39,5.04,5.15,4.66,4.69,4.96,4.69,4.54,3.94,4.71,5.65,5.1,5.3,5.28,5.7,5.37,5.22,5.33,5.28,4.38,4.31,5.1,4.71,5.43,5.31,5.56,4.55,4.26,4.54,4.31,4.31,2.51,5.7,4.53849056603774
"CARD14",4.16,5.44,5.14,2.58,2.14,2.47,2.73,2.22,3.71,2.83,2.36,2.75,2.4,2.47,2.54,2.73,2.54,3.29,2.33,3.32,2.24,3.77,3.46,3.43,3.13,2.36,3.38,3.97,1.32,3,3,1.91,3.66,2.54,3.01,2.69,1.85,2.12,1.54,3.56,3.22,4.78,3.84,3.7,5.25,3.57,5.77,4.87,5.13,4.93,4.75,1.32,5.77,3.26396226415094
"SLC25A10",5.78,2.51,3.14,3.29,4.29,3.8,4.15,4.76,4.1,4.3,4.34,3.43,4.51,4.12,3.74,4.64,3.88,2.72,5,5.44,3.38,0.85,4.36,3.99,3.25,1.63,3.84,4.98,4.18,3.39,4.21,4.52,2.32,4.87,5.01,4.94,4.56,4.69,3.15,4.94,3.55,5.05,3.47,3.68,2.26,4.04,5.75,5.27,5.22,5.37,5.35,0.85,5.78,4.04981132075472
"GRAP2",3.22,4.04,3.76,1.32,1.77,1.93,1.07,1.49,2.26,0.38,1.14,1.38,3.49,3.28,0.49,3.75,3.9,1.85,1.32,1.72,2.17,1.26,2.94,2.54,3.56,1.93,4.33,2.51,2,1.81,0.85,1.26,3.73,1.2,2,2.85,1,3.92,1.72,0.85,1.26,2.29,2.61,1.38,2.41,2.17,6.08,5.17,5.07,5.01,4.65,0.38,6.08,2.50094339622642
"BIRC5",5.69,5.67,6.12,3.17,4.02,2.87,3.01,3.89,5.02,3.9,3.5,3.64,3.28,3.58,2.39,2.81,4.75,3.6,3.39,4.07,4.38,3.96,4.5,4.83,4.48,4.11,4.47,3.96,2.71,3.19,4.86,3.44,4.54,4.92,5.23,4.63,4.81,4.48,3.68,5.54,3.34,4.82,3.64,4.97,4.8,4.14,5.33,4.6,4.67,4.5,4.77,2.39,6.12,4.21094339622641
"SOX10",2.99,4,2.87,2.09,3.41,2.66,3.93,3.19,4.28,4.38,4.39,1.46,4.01,4.17,1.61,4.22,1.98,2.29,3.61,4.27,3.47,3.99,3.43,4.57,4.65,3.5,4.34,4.15,2.94,2.28,2.73,2.29,2.93,2.88,3.96,2.39,3.17,3.08,3.59,2.86,2.97,3.62,2.84,4.3,2.91,4.72,6.19,5.44,5.55,5.29,5.04,1.46,6.19,3.57603773584906
"DMC1",3.39,4.1,4.32,3.07,3.35,3.72,3.38,2.41,4.51,3.22,3.83,3.78,3.47,3.43,3.63,3.1,3.87,3.03,4.1,3.88,3.37,4.44,4.46,5.25,4.21,3.49,3.47,3.85,3.08,2.94,5.18,4.82,5.15,5.63,6.22,5.35,5.1,5.01,4.63,4.47,3.9,5.61,4.71,4.2,5.13,4.65,4.33,3.78,3.77,3.66,3.72,2.41,6.22,4.10943396226415
"FASN",5.88,2.83,2.81,4.95,4.95,5.01,4.89,4.77,6.07,5.05,5.66,5.54,5.43,5.34,5.61,5.16,5.82,5.28,5.34,6.11,6.15,5.7,5.08,5.84,4.99,5.42,4.99,5.28,5.3,5.29,5,4.55,4.78,5.29,5.88,5.74,4.98,5.01,5.26,4.61,4.33,6.12,5.88,5.28,5.39,5.12,6.25,5.95,6.02,5.66,6.06,2.81,6.25,5.25962264150943
"GRIP1",2.74,6.38,3.51,0,3.74,3.92,3.34,2.6,3.13,3.7,2.85,3.6,3.12,3.22,3.89,3.73,2.72,3.54,3.45,3.08,3.24,4.3,4.68,3.9,3.69,3.74,4.16,3.99,2.14,3.11,0.58,-0.51,-0.32,0.49,1.38,1.43,0.49,0.77,0.14,0.77,-0.51,2.68,1,1.68,0.14,1.32,4.49,3.98,3.91,3.8,3.74,-0.51,6.38,2.65150943396226
"SCT",4.57,5.34,5.7,0.58,0.26,1.32,0.93,0.38,2.07,1.26,2.04,0,0.68,0.85,0.77,0.38,1.07,1,0.26,1.43,1.14,0.38,0.85,0.49,0.85,1.2,0.93,2.26,0.26,0.85,1.49,2,-1,-0.74,3.5,0.14,0.85,-0.32,-1.32,-1,1.07,0.85,2.43,2.77,-0.15,1.72,6.49,4.88,4.13,4.33,3.82,-1.32,6.49,1.5322641509434
"FN3K",4.37,5.33,6.53,0.49,2.72,0.93,2.43,-0.32,4.37,0.77,0.68,2,1.07,2.1,0,2.35,2.72,2.2,0.49,1.54,1.32,0.85,0.26,1.26,1.81,2.58,2.72,3.39,1.14,1.49,4.06,3.78,3.6,3.51,4.79,2.68,4.69,3.45,3.87,3.19,2.04,1.54,2.07,3.82,2.83,3.38,4.71,3.97,4.14,3.91,4.05,-0.32,6.53,2.63924528301887
"PDE6G",2.56,3.63,4.19,2.17,2.35,2.68,2.98,2.14,3.5,2.58,2.91,2.51,2.85,2.17,2.54,2.07,1.81,2.17,1.72,3.47,2.1,3.61,3.88,3.97,3.2,2.77,2.2,2.07,1.2,2.54,3.51,2.83,3.36,3.62,3.95,3.2,3.38,3.42,2.96,2.94,3.19,3.94,3.73,4.01,3.61,3.25,6.63,5.49,5.29,5.1,4.99,1.2,6.63,3.22207547169811
"PICK1",6.3,5.03,4.49,5.1,4.77,4.87,6.03,6.19,4.64,5.58,5.5,4.99,5.98,6.4,5.94,6.07,5.82,5.31,6.11,5.09,5.65,5.52,6.18,6.03,5.77,6.24,5.9,5.99,5.75,5.22,5.61,4.93,5.21,4.99,4.32,5.04,5.34,4.48,4.63,4.55,4.31,6.33,6.86,5.8,6.35,5.28,6.81,6.04,6.16,6.18,5.98,4.31,6.86,5.56283018867925
"TH",5.71,4.73,6.89,2.66,0,3.22,1.26,2.58,3,2.85,1,-0.74,3.73,3.39,1.07,2.89,4.06,1.14,0,1.81,0.38,3.32,3.51,0.85,1.32,4.46,1.2,-0.15,2.26,-1.74,4.2,3.88,3.88,1.93,3.66,4.56,0.68,3.7,4.7,4.19,3.15,0.58,5.07,1.49,4.19,4.31,4.08,3.96,3.87,3.8,3.94,-1.74,6.89,2.7477358490566
"GCGR",3.12,6.92,3.9,4.55,3.25,2.61,3.28,3.91,4.95,4.22,4.46,1.14,3.6,2.79,1.77,2.89,3,3.02,2,5.39,2.68,0.85,1.96,2.54,2.85,2.72,2.1,1.07,2.7,3.93,1.26,1.14,1.43,1.26,1.63,1.2,1.77,1.63,0.38,0.68,2.54,2.17,2.54,2.66,2.29,2.23,6.71,5.8,5.79,5.58,5.37,0.38,6.92,2.9722641509434
"AATK",6.32,6.69,6.02,5.63,5.95,5.88,5.33,5.96,7.01,6.38,5.88,5.19,5.66,5.24,5.74,5.72,5.62,5.57,5.63,5.67,5.76,5.65,5.76,5.94,5.46,4.41,5.87,6.39,6.27,5.14,6.04,5.06,5.93,6.24,6.17,5.95,5.89,6.2,5.37,4.1,4.67,6.21,6.67,6.33,6.52,5.8,6.06,5.54,5.71,5.46,5.26,4.1,7.01,5.77415094339623
"INS",5.21,7.04,5.14,-0.15,0.14,0.14,1,0.26,1.93,-0.51,0.93,-0.74,1,-0.74,0.77,0.93,1.2,0.26,-0.15,2.77,0.77,0.49,0.38,1.81,1.14,1.93,1.63,2,1.58,0.38,-0.32,0.14,1,0.14,1.07,1,1.07,0.68,0.38,-0.32,0.14,1.32,2.56,0,1,0.85,4.78,4.32,4.13,4.07,3.94,-0.74,7.04,1.4488679245283
"CD7",5.3,7.05,5.6,3.69,3.34,2.47,4.22,3.77,5.17,3.04,3.95,3.44,3.42,2.19,2.49,3.68,4.06,3.98,3.58,4.36,3.29,2.85,2.94,3.52,1.79,4.74,3.64,3.15,3.91,1.98,2.71,1.51,3.22,2.26,3.74,3.49,3.36,2.07,2.32,1.83,3.09,2.26,4.5,2.04,1.85,3.12,5.73,4.96,4.89,4.49,4.41,1.51,7.05,3.52867924528302
"SLC16A8",6.18,6.52,7.12,4.67,1.93,4.52,3.64,1.85,3.38,3.71,2.04,1.26,1.58,2.17,4.04,2.51,4.18,2.79,2.17,4.09,2.17,3.04,2.46,3.92,2.91,2.1,4.81,3.81,1.49,2,2.89,2.49,3.56,2.96,3.04,4.9,3.31,2.93,3.02,3.22,2.77,3.67,2.98,2.79,3.55,3.67,6.25,5.24,4.76,4.58,4.36,1.26,7.12,3.4788679245283
"IRAK3",7.04,4.12,7.22,5.58,5.27,5.33,5.58,5.54,5.5,5.88,5.11,4.57,4.87,5.45,5.27,5.79,5.07,5.48,5.54,5.64,5.04,5.62,5.43,4.9,5.64,5.25,5.3,5.42,5.74,5.37,4.24,3.86,4.88,4.27,4.83,4.9,4.73,5.31,3.9,3.27,4.16,4.61,2.79,4.39,4.56,4.29,3.95,3.94,3.87,4.01,3.6,2.79,7.22,4.94207547169811
"CCDC57",6.17,7.36,6.61,3.44,4.76,3.87,4.84,3.98,4.94,3.44,3.9,3.76,4.19,4.17,4.48,4.08,4.08,3.38,4.34,4.35,4.36,4.24,4.73,4.54,4.09,4.53,4.16,4.51,4.32,4.08,3.66,4.43,2.63,2.51,2.41,3.26,1.77,2.83,2.46,1.63,1.54,3.29,5.02,2.43,4.55,2.87,5.9,5.04,4.96,4.93,4.85,1.54,7.36,4.06735849056604
"DNAL4",7.43,7.2,6.8,5.79,5.86,5.24,5.77,5.82,6.06,6.42,5.8,6,5.97,6.29,5.9,6.18,6.43,6.13,6.24,5.83,6.05,5.87,4.38,3.79,5.15,6.14,5.7,5.4,6.1,5.77,4.36,4.52,4.75,4.29,5.33,5.08,4.56,4.03,4.29,5.64,4.82,5.5,5.68,5.33,4.88,5.38,5.58,5.63,5.9,5.89,6.61,3.79,7.43,5.59962264150943
"TMC6",6.31,7.45,6.46,5.32,5.65,5.37,5.52,6.01,5.45,5.72,5.88,4.86,5.29,5.66,5.55,5.53,5.57,5.8,5.19,5.32,5.83,4.7,5.23,6.09,5.35,5.63,5.42,5.81,5.33,5.23,4.52,4.52,3.92,4.82,3.8,5.18,5.22,5.04,4.46,5.01,5.11,6.24,5.64,6.16,6.15,5.96,6.25,5.39,5.31,5.3,4.91,3.8,7.45,5.44698113207547
"ASPSCR1",7.6,7.18,6.72,6.17,5.71,5.64,5.86,6.42,5.3,6.74,6.68,5.42,6.32,6.52,5.92,6.56,6,5.88,5.43,6.29,5.89,5.04,4.81,5.16,3.97,5.75,6.36,6.33,6.65,6.37,4.75,3.7,4.85,5.01,5,4.81,5.97,4.13,4.78,4.7,4.18,5.51,5.56,5.51,5.16,4.93,4.73,4.58,4.59,4.8,4.88,3.7,7.6,5.54943396226415
"CANT1",7.7,6.7,5.45,6.64,6.69,6.45,6.58,6.89,6.61,7.26,7.57,7.18,7.24,6.94,6.67,6.94,6.55,6.5,6.55,6.71,6.99,5.63,5.35,6.5,6.22,6.62,6.79,6.69,6.69,6.75,6.97,6.96,6.79,6.28,6.63,6.81,6.74,5.59,6.81,6.97,6.31,6.12,6.47,6.41,6.13,6.03,6.11,7.12,7.63,7.46,7.73,5.35,7.73,6.66415094339623
"ATHL1",6.21,7.6,7.73,6.02,6.15,6,6.22,7.1,7.27,6.39,5.14,4.69,4.71,5.21,4.24,5.45,5.39,5.06,6.56,5.94,6.48,4.87,5.82,5.01,5.29,6.22,4.89,6.26,5.78,5.25,5.24,3.81,4.62,4.11,5.94,6.24,5.24,4.03,4.99,5.59,5.86,6.48,6.15,5.66,5.57,5.2,6.37,5.35,4.92,4.87,5.46,3.81,7.73,5.62622641509434
"ASCL2",7.43,6.87,7.76,2.8,3.77,2.32,0.58,0.26,1.94,2.38,3.36,3,3.53,4.1,3.54,3.79,0.43,1.32,3.92,1.63,1.94,0.81,-0.15,0.63,1.07,0.85,2.47,3.12,2.67,1.32,-1,-1,-1.74,-1.32,-0.51,-1.74,-0.51,-1.32,2,-3.32,-1.32,-0.74,2.26,-2.32,-1,-2.32,3.46,3.36,3.42,3.45,3.5,-3.32,7.76,1.60735849056604
"IGF2-AS",6.29,7.79,7.74,2.07,2.46,2.17,2.04,2.89,4.47,2.29,0.68,1.58,1.72,1.38,2.07,2.32,2.29,2.2,2.07,3.23,2.07,2.81,2,2.26,1.07,3.6,2.1,1.2,3.39,2.51,1,1.93,1.2,2.85,2.04,2.32,1.49,3.12,2.26,3.46,2.2,1.49,2.93,3.23,1.38,2.98,6.44,5.31,5.51,4.94,5.09,0.68,7.79,2.91320754716981
"NOL12",8.01,7.8,6.6,5.91,5.72,5.62,5.82,6.29,6,5.93,6.53,5.52,6.23,6.53,6.06,5.95,6.38,5.71,5.57,5.93,6.06,4.93,5.25,5.34,4.86,5.18,5.69,5.67,6.75,6.23,3.63,4.16,4.7,3.33,4,4.9,4.13,1.49,4.57,4.74,4.1,4.05,5.62,5.48,4.81,4.4,6.05,5.53,5.29,5.21,5.37,1.49,8.01,5.37981132075472
"C1QTNF1",8.06,7.14,6.42,5.86,5.33,5.78,6.25,5.88,5.78,5.85,6.13,5.2,5.58,5.78,5.06,5.98,4.81,6.52,5.09,6.53,5.46,5.77,6.26,6.17,5.38,6.02,5.81,5.85,5.38,5.36,7.23,6.64,6.59,6.9,6.45,6.75,6.94,6.49,6.66,5.31,6,7.01,6.4,6.8,6.72,6.92,6.98,7.56,6.44,7.06,6.57,4.81,8.06,6.2222641509434
"NPTXR",8.11,6.96,7.11,4.49,5.07,4.56,4.85,4.64,5.04,4.81,5.57,4.85,5.4,5,4.73,4.38,5.15,5.15,5.01,5.69,5.52,4.6,4.91,5.42,4.47,4.53,4.83,4.97,4.67,5.26,5.1,4.01,4.06,3.6,3.57,2.94,4.54,4.77,4.9,4.59,3.84,5.96,5.43,4.88,5.67,5.16,6.19,5.47,5.33,5.09,5.19,2.94,8.11,5.03943396226415
"CYTH4",7.86,8.11,5.94,5.06,5.34,4.81,5.33,5.01,6.1,5.08,5.38,4.47,5.2,5.49,4.71,5.27,5.01,5.03,4.66,5.58,5.33,4.93,4.52,4.99,4.78,5.34,5.48,5.6,4.78,4.98,5.25,5.72,5.82,6.16,5.09,5.41,5.83,5.73,5.75,4.9,5.24,5.86,5.83,5.52,6.19,6.16,6.65,5.7,5.45,5.53,4.96,4.47,8.11,5.5
"CEND1",8.12,7.56,7.93,4.67,1.07,4.78,2.83,4.56,5.92,4.47,2.23,2.58,4.22,4.78,3,4.41,4.29,4.1,3.8,5.59,5.53,5.75,3.41,6.05,5.56,4.35,4.34,3.43,4.02,1.49,5.36,5.28,5.24,4.92,5.97,5.13,5.24,5.18,5.47,5.58,4.7,6.23,5.39,3.94,6.26,6.23,7.35,6.6,6.6,5.78,5.68,1.07,8.12,4.94641509433962
"KDELR3",7.94,7.73,7.19,7.66,6.57,7.46,6.48,6.82,7.73,6.45,7.28,6.85,7.16,6.35,5.94,6.47,7.54,7.13,6.58,7.06,7.34,7.23,7.1,8.13,6.26,7.18,7.75,7.05,7.06,7.21,5.85,6.32,6,5.84,6.93,6.54,6.92,6.05,6.52,7.29,6.28,7.03,6.78,7.36,7.14,6.76,5.07,5.51,4.84,5.12,6.11,4.84,8.13,6.75339622641509
"EPS8L2",8.32,7.33,6.96,4.58,4.38,4.95,5.14,4.73,5.45,4.82,4.97,4.04,5.08,4.46,4.14,4.95,4.97,3.63,3.73,4.66,4.52,3.18,4.43,4.7,3.85,4.98,4.33,5.12,4.04,4.8,5.18,4.87,4.75,4.88,5.39,4.26,5.62,5.57,3.68,5.52,5.57,6.22,4.06,2.72,5.44,5.07,6.09,5.48,5.95,5.61,5.84,2.72,8.32,4.98207547169811
"RASSF7",7.15,6.71,8.33,4.88,6.02,5.56,6.2,6.05,6.33,5.75,6.57,6.16,6.1,6.53,6.13,6.4,6.47,5.77,5.86,6.22,6.85,6,6.44,5.97,5.75,5.7,5.56,5.96,5.97,5.7,6.65,6.02,5.55,6.34,6.49,6.83,6.26,6.35,6.24,6.76,6.17,6.99,6.88,5.87,6.89,6.61,7.95,6.83,6.84,6.54,6.81,4.88,8.33,6.34283018867924
"BAIAP2",8.39,7.98,7.83,5.08,4.8,5.29,5.08,5.9,5.07,5.63,5.58,4.59,5.51,5.45,4.94,5.21,5.02,5.21,4.56,6.05,5.06,4.72,4.83,4.29,4.93,5.54,5.3,5.22,4.99,4.83,5.4,4.38,4.86,5.16,5,5.38,5.25,4.84,5.03,4.22,5.12,5.42,5.04,5.5,5,5.08,5.93,5.2,5.43,5.32,5.2,4.22,8.39,5.34433962264151
"ENGASE",7.43,8.1,8.55,7,7.37,6.88,7.74,7.42,7.71,7.87,7.48,7,7.39,8.17,7.83,7.88,7.61,7.22,7.3,7.4,7.54,7.32,7.3,7.09,7.44,7.3,7.14,7.34,7.82,7.24,7.56,6.72,6.91,7.15,7.47,7.22,6.57,6.8,7.07,6.83,6.75,7.55,7.23,7,7.24,6.99,8.16,7.33,7.51,7.1,6.98,6.57,8.55,7.3611320754717
"BET1L",8.69,8.31,7.83,6.29,6.01,5.91,6.37,6.28,6.14,6.35,6.76,6.19,6.36,6.44,6.6,6.42,6.2,6.36,6.69,6.62,6.36,6.23,6.26,6.35,5.97,6.09,6.03,6.42,5.99,6.23,2.38,3.95,1.96,3.17,3.75,2.49,2.04,4.02,3.84,3.57,1.77,3.78,4.54,5.34,4.17,4.31,5.9,5.22,4.88,4.73,4.67,1.77,8.69,5.39037735849057
"BAHCC1",7.55,8.88,8.74,4.75,3.83,2.9,5,5.05,5.15,4.58,3.94,4.5,4.23,4.32,4.75,4.67,3.96,3.62,4.59,5,4.78,3.94,4.26,3.41,4.18,4.06,3.64,5.18,4.83,4.76,6.56,5.78,5.85,6.17,3.94,6.06,5.64,5.89,5.49,5.16,5.1,5.54,5.18,5.55,6.05,5.66,6.61,6.06,5.8,5.7,5.9,2.9,8.88,5.17962264150943
"MICALL1",8.55,7.76,7.03,8.23,7.98,7.98,7.55,8.05,8.64,7.65,8.89,7.42,8.78,7.3,6.67,7.08,7.36,7.97,6.37,7.96,8.44,7.88,7.58,8.21,6.8,7.84,7.95,7.6,8.46,7.12,6.75,6.83,6.66,5.79,7.09,7.13,7.78,6.38,7.67,6.51,6.51,6.27,7.18,7.7,7.02,7.25,6.71,7.56,7.4,7.01,7.9,5.79,8.89,7.45056603773585
"APOBEC3G",8.96,4.35,7.95,5.52,6.3,5.03,6.12,5.59,5.8,6.06,5.21,5.19,5.69,5.98,5.63,5.51,5.56,5.62,5.99,5.42,5.98,5.91,5.38,5.46,5.76,5.55,6.07,6.16,5.85,5.28,4.52,4.12,4.24,4.49,3.96,4.42,2.94,4.31,4.21,4.12,4.52,4.77,4.18,3.97,5.28,5.01,5.6,4.88,5.37,5.55,5.43,2.94,8.96,5.33339622641509
"LGALS2",8.97,5.27,8.91,5.58,4.31,4.61,4.57,5.01,5.28,5.13,4.89,3.41,5.66,3.74,4.78,4.39,6.54,5.04,1.63,4.97,4.56,4.83,3.38,5.47,3.38,5.54,6.91,6.09,7.3,4.84,5.03,4.33,2.68,3.17,2.41,3.41,4.51,5.61,2.91,0.58,4.16,4.19,3.22,3.52,3.26,4.43,5.54,4.97,5,5.21,4.74,0.58,8.97,4.66830188679245
"APOBEC3F",8.2,9,8.52,4.95,5.28,5.13,5.37,4.2,4.95,4.68,5.17,4.88,5.28,4.83,4.29,3.92,5.1,4.76,5.1,5.7,4.79,4.94,3.45,5.13,4.56,5.48,5.39,5.32,4.97,4.9,2.49,-1,2.32,1.32,3.22,3.12,0,-1,3.58,0.26,2.54,1.14,3.7,2.49,1.2,1.58,5.53,5.04,4.34,4.49,4.26,-1,9,4.09169811320755
"HRAS",9.03,8.46,8.72,7.75,7.15,7.25,7.18,7.8,8.08,7.34,7.82,6.19,7.88,7.51,7.18,7.47,7.16,7.56,6.62,7.6,7.4,6.08,5.78,6.42,5.54,7.09,7.25,7.22,7.56,7.64,5.86,5.32,5.74,5.41,4.4,6.09,6.92,4.96,5.78,5.05,4.95,6.64,6.95,6.87,7.16,7.06,6.16,6.04,5.97,5.97,6.09,4.4,9.03,6.76509433962264
"SYNGR1",9.03,8.95,8.65,6.44,6.63,6.49,6.33,6.46,6.69,6.99,6.59,6.27,6.6,6.78,6.38,6.72,6.38,6.81,6.69,6.81,6.78,5.76,6,6.02,5.86,6.32,6.72,6.6,6.78,6.67,5.83,5.18,5.9,5.99,5.96,5.99,5.87,5.45,5.6,5.3,4.95,5.62,5.28,5.94,5.59,4.88,6.72,6.12,5.73,6.17,5.81,4.88,9.03,6.33943396226415
"MGAT3",9.04,6.52,8.9,4.17,4.59,4.51,4.54,4.67,4.99,4.36,4.14,4.28,4.17,4.5,3.94,3.29,4.3,3.75,4.1,5.48,4.8,4.5,4.46,4.25,4.25,4.73,4.51,4.82,4.69,4.56,4.27,4.38,3.96,4.24,4.39,4.67,4.84,4.3,3.77,3.54,3.85,4.04,3.93,4.74,4.94,5.37,6.11,5.42,5.36,4.97,5.06,3.29,9.04,4.76018867924528
"SIRT7",9.16,8.36,7.96,6.48,6.45,6.1,6.96,6.92,6.57,7.09,7.03,6.13,6.55,6.95,6.96,6.84,6.78,6.67,7.13,7.01,7.17,6,6.15,6.62,6.04,6.38,6.58,6.64,7.17,7.39,5.89,5.69,5.99,5.63,6.72,6.37,5.97,5.78,5.63,6.1,5.93,6.48,6.74,6.22,6.74,6.6,5.94,5.5,5.62,5.85,5.53,5.5,9.16,6.56264150943396
"PKP3",9.19,7.85,7.04,3.96,4.33,3.99,4.69,4.08,3.31,4,4.2,4.04,4.4,4.23,4.13,3.59,4.3,4.99,4.03,3.77,4.49,4.89,5.11,4.89,4.84,4.07,4.45,4.47,3.81,3.84,4.55,4.41,4.47,4.44,5.63,5.14,4.33,4.85,4.78,5.34,3.93,6.02,4.87,5.43,6.02,5.22,6.58,5.57,5.41,5.34,5.65,3.31,9.19,4.89547169811321
"PLA2G6",8.13,8.04,9.28,5.79,6.2,6.26,6.32,6.42,6.5,6.61,6.75,6.17,6.2,6.85,6.89,6.22,6.18,6.38,6.6,6.79,6.61,6.57,6.43,6.39,6.36,6.14,5.94,6.57,5.97,5.99,6.68,5.56,6.4,6.58,6.73,6.67,6.21,6.13,6.26,6.12,6.32,6.84,6.59,6.44,6.65,6.87,7.37,6.32,6.53,6.43,6.36,5.56,9.28,6.57452830188679
"TAB1",9.39,6.2,6.39,5.32,5.4,5.41,5.37,5.82,5.22,4.97,5.42,5.17,5.78,5.57,5.68,5.63,6,5.63,5.63,6.19,5.77,4.4,4.81,6.23,5.02,5.59,5.48,5.89,5.49,5.93,4.54,3.34,3.09,4.36,4.84,4.95,4.73,5.14,5.04,3.77,4.07,5.46,4.35,4.94,4.11,5.24,5.76,5.13,4.84,4.87,4.97,3.09,9.39,5.29849056603774
"DUS1L",9.46,9.28,9.12,7.58,7.67,7,7.94,8.07,7.84,7.83,8.11,7.26,7.9,8.13,7.74,7.86,7.89,7.7,7.3,7.68,7.92,7.19,6.82,6.99,7.29,7.9,7.98,8.1,7.94,7.6,7.07,6.63,6.72,6.41,7.63,6.98,6.67,6.15,6.59,6.58,6.22,6.37,7.3,7,6.78,6.64,6.84,7.57,7.96,7.56,8.01,6.15,9.46,7.4788679245283
"IRF7",9.29,9.48,9.35,6.47,5.86,6.25,6.78,7.13,6.04,6.93,7.23,5.96,7.05,7.44,6.59,7.31,6.4,6.52,5.89,6.77,6.25,5.5,5.62,5.69,5.58,6.64,6.49,6.69,6.6,5.9,5.44,5.41,5.43,5.65,6.72,6.02,5.32,5.69,6.09,5.36,5.1,5.33,6.75,5.55,6.2,5.93,5.48,5.38,5.49,5.59,5.61,5.1,9.48,6.33622641509434
"SLC25A22",9.5,8.67,8.96,5.8,5.56,5.07,5.93,5.33,6.16,5.86,6.2,4.49,6.1,5.53,5.16,5.1,5.81,5.86,4.94,6.31,5.97,5.94,5.93,5.91,5.25,6.12,5.64,6.34,5.22,5.67,4.89,5.69,5.24,3.26,6.25,4.68,5.63,5.36,4.94,6.03,5.71,5.89,6.38,5.82,6,5.82,7.52,6.63,6.61,5.9,6.34,3.26,9.5,5.91849056603774
"CDC42EP1",9.52,9.23,9.41,6.76,6.12,5.6,6.65,6.78,6.34,6.57,8.02,6.22,6.99,6.77,6.52,6.18,6.27,6.59,5.73,7.94,6.33,5.84,6.13,6.69,5.42,6.51,6.83,6.23,6.68,6.96,6.71,5.37,6.17,5.82,5.17,6.21,7.83,6.03,6.66,4.68,5.58,7.11,7.85,7.3,7.07,7.59,6.32,7.5,6.71,6.62,6.07,4.68,9.52,6.68679245283019
"PNPLA2",8.85,8.91,9.11,7.23,6.97,7.23,7.5,6.55,7.38,7.15,8.23,7.19,7.47,7.45,7.18,6.89,7.01,7.92,7.23,7.39,7.36,7.52,6.72,8.04,7.95,7.56,7.1,7.49,6.64,6.53,8.16,7.17,7.51,8,7.42,8.02,8.07,7.94,8.23,6.9,6.94,8.4,7.67,7.4,8.28,7.69,9.64,8.88,8.86,8.82,8.37,6.53,9.64,7.70358490566038
"GNS",7.13,7.65,8.04,9.32,8.98,9.38,9.07,8.91,8.78,9.34,9.1,9.21,9.24,9.17,9.07,9.06,8.72,8.82,9.37,9.21,8.76,9,9.09,9.36,9.69,9.17,8.87,8.98,9.13,9.31,7.45,7.57,7.51,7.19,7.18,7.17,7.78,7.52,7.44,7.26,7.66,7.77,7.52,8.12,8.15,8.19,6.18,7.6,7.5,8.38,7.68,6.18,9.69,8.37018867924528
"CHMP6",9.71,9.24,9.05,6.63,6.07,6.03,5.97,6.22,6.95,6.58,6.97,5.75,6.92,6.89,6.59,6.03,6.6,6.43,6.17,6.71,6.77,5.99,5.27,6.25,5.45,6.33,6.63,5.91,6.76,6.17,5.83,4.26,5.81,5.43,5.97,6.18,6.22,5.39,5.77,5.56,5.22,5.45,5.89,6.29,6.16,6.37,6.79,5.8,5.82,5.82,6.02,4.26,9.71,6.32188679245283
"SIRT3",9.5,9.74,9.08,6.12,6.35,6.13,6.31,6.21,6.47,6.27,6.27,6.22,5.75,6.65,6.32,6.39,6.22,6.44,6.45,6.16,6.59,6.77,6.5,6.22,6.57,6.15,6.4,6.41,6.28,6.07,6.94,6.46,6.47,6.6,6.54,6.62,6.3,6.44,6.44,6.15,6.14,6.88,6.46,6.7,7.2,6.62,7.36,6.68,6.87,6.37,6.38,5.75,9.74,6.66264150943396
"TNNI2",6.01,5.69,9.81,1.07,0.93,0.85,1.68,1,3.25,1.43,0.85,1.38,0.93,1.38,0.49,0.85,0.58,1,1.2,2.17,1.07,0.49,1.32,2.23,0.49,1.85,0.58,1.2,0.77,1.81,0.58,0.68,0.93,1.63,3.55,2.87,1.85,0.49,0.26,0.77,0.49,1.58,2.49,2.32,3.19,1.43,5.23,4.41,4.61,4.56,4.34,0.26,9.81,2.12622641509434
"NPLOC4",9.51,9.85,9.39,7.73,7.34,7.07,7.65,7.77,7.94,7.63,8.13,7.08,8.12,7.96,7.41,7.68,7.92,7.89,7.61,7.79,7.77,7.24,7.04,7.42,7.32,7.94,7.87,7.94,8.12,7.88,7.5,7.04,7.1,7.42,7.33,7,7.43,7.03,7.06,6.14,6.91,7.48,7.98,7.87,7.76,7.43,7.18,7.35,7.97,7.61,7.39,6.14,9.85,7.66
"CTSD",9.86,8.82,8.29,7.33,7.24,6.96,7.45,7.44,6.9,7.73,7.78,5.64,7.36,7.58,7.37,7.56,6.73,7.24,6.99,7.68,6.99,6.27,5.12,6.7,6.02,7.35,7.17,7.11,7.29,7.25,7.33,5.77,6.16,6.34,6.3,6.66,7.41,7.02,6.64,6.08,6.2,6.74,6.99,7.79,7.1,7.01,6.89,6.88,6.81,7.3,6.86,5.12,9.86,7.06566037735849
"RAC2",9.8,9.98,9.3,6.01,6.39,5.77,6.49,6.53,6.56,6.73,6.71,6.35,6.39,6.33,5.58,5.91,6.24,5.76,6.53,6.04,6.18,5.8,5.99,6.01,6.01,6.22,5.43,6.45,6.15,5.87,5.54,5.21,5.55,6.16,5.02,5.55,5.4,5.99,6.07,5.53,5.69,6.1,6.01,5.57,6.11,6.37,6.14,5.56,6.25,5.62,5.67,5.02,9.98,6.25698113207547
"PYCR1",10.08,9.53,9.37,5.79,5.33,6.04,5.17,5.89,6.57,5.36,6.2,5.31,6.26,5.05,5.27,5.63,6.6,6.1,5.41,6.27,6.48,6.07,6.46,6.45,5.4,5.65,5.94,6.26,6.25,5.84,5.46,5.84,5.26,4.87,6.68,6.24,6.84,5.46,5.91,6.99,5.35,5.73,6.6,6.83,6.1,6.57,7.04,6.27,6.29,5.82,6.4,4.87,10.08,6.25528301886792
"ARHGDIA",9.39,10.09,9.82,7.54,7.5,6.88,7.36,7.56,7.74,7.6,8.39,6.74,7.83,7.32,7.11,7.07,7.18,7.84,6.98,7.86,7.78,6.85,6.74,7.58,6.78,7.6,7.43,7.18,7.29,7.31,7.46,6.46,6.92,7.07,6.74,7.85,8.51,6.78,7.86,6.5,6.8,8.03,8.22,8.29,8.22,8.01,7.55,8.38,7.43,7.51,7.4,6.46,10.09,7.60150943396226
"SMCR7L",10.12,9.52,10.02,6.51,6.89,6.55,6.87,6.5,6.98,6.47,6.66,6.61,6.59,6.48,6.54,6.74,6.69,6.72,6.71,6.6,7.01,6.82,6.92,6.87,6.87,6.07,6.88,6.67,6.55,6.75,6.48,6.56,6.94,7.23,6.83,7.03,6.47,6.56,6.65,6.72,6.4,6.94,6.56,6.41,6.76,6.62,5.26,5.58,5.42,5.79,6.02,5.26,10.12,6.80735849056604
"RAB40B",8.99,10.13,9.78,6.38,6.64,6.18,6.65,6.59,6.31,6.78,6.78,6.94,6.62,6.55,6.32,6.38,6.41,6.18,6.49,6.93,6.48,5.8,5.34,6.03,6.12,6.51,6.93,6.5,6.92,6.85,4.87,6.14,5.6,5.75,5.03,5.4,5.13,5.33,5.1,5.38,4.61,5.34,5.28,5.32,5,5.5,6.74,6.21,6.18,6.07,6.07,4.61,10.13,6.30754716981132
"RFNG",8.78,9.56,10.13,7.06,7.14,7.08,6.96,7.51,7.4,7.43,7.82,6.41,7.5,7.44,7.17,7.48,7.04,7.17,6.75,7.7,7.35,6.44,6.19,6.35,6.52,7.17,7.37,6.92,7.73,6.96,6.67,5.81,6.58,6.35,6.7,6.67,7.03,6.42,6.63,5.76,5.74,6.88,6.84,6.96,6.64,6.22,6.29,6.38,6.24,6.55,6.55,5.74,10.13,7.02471698113208
"APOBEC3C",9.59,10.27,10.26,7.36,5.84,6.88,6.45,6.93,6.38,7.06,8.43,6.42,8.13,7.55,7.15,7.72,7.34,7.82,6.33,7.08,7.61,6.7,7.57,7.16,6.49,6.78,6.66,6.89,7.39,6.7,6.1,4.64,5.2,5.98,5.87,6.04,6.34,5.39,6.17,5.43,5.26,6.51,7.48,7.06,6.76,6.82,6.84,6.64,6.42,6.7,6.89,4.64,10.27,6.91301886792453
"FOXK2",10.32,9.33,9.24,6.07,5.98,6.13,6.32,5.93,6.42,5.83,6.31,6.25,6.21,5.89,6.27,5.83,6.12,6.32,6.29,6.4,6.29,5.97,6.22,6.06,5.86,6.02,6.09,6.2,5.44,6.35,7.1,6.6,6.65,6.27,6.93,6.96,6.64,6.35,6.79,6.19,6.73,6.61,7.19,7.66,6.83,6.57,6.19,7.05,6.82,6.54,6.86,5.44,10.32,6.62735849056604
"MRPL12",9.49,8.6,10.56,6.22,6.23,5.46,5.96,6.06,6.43,6.5,6.51,5.2,6.61,6.23,5.92,5.7,6.5,6.05,5.99,6.01,5.75,5.32,5.64,6.11,4.66,6.1,6.38,6.07,6.46,6.02,5.98,5.63,5.49,4.95,5.63,6.47,5.91,5.73,6.14,5.58,5,6.08,6.5,6.57,6.39,6.26,5.89,5.76,6.21,6.03,6.7,4.66,10.56,6.24264150943396
"AZI1",10.63,10.02,10.08,4.61,4.89,4.13,5.1,5.39,6.48,5.49,5.24,4.87,5.21,5.8,5.48,5.93,4.11,4.31,5.51,5.66,5.45,3.81,4.54,2.29,4.13,4.31,5.51,5.77,6.14,4.97,4.66,3,4.67,4.66,4.74,4.88,4.3,3.31,3.74,4.3,4.52,4.93,4.75,4.96,4.83,4.83,5.86,5.11,5.1,5.05,5.04,2.29,10.63,5.20792452830189
"MFNG",10.66,9.54,10.03,5.07,5.14,5.26,5.44,5.87,5.37,5.73,6.04,4.54,5.42,5.71,5.58,5.93,5.14,5.05,5.11,5.8,5.51,5.24,5.08,5.62,5.46,5.16,4.79,5.73,5.54,5.52,5.58,4.89,5.05,5.37,5.69,5.55,4.76,5.19,5.08,4.14,4.94,5.17,5.26,5.1,5.93,5.75,5.52,5.09,4.92,4.94,4.72,4.14,10.66,5.65132075471698
"MKL1",10.68,10.81,10.49,5.71,5.36,5.62,5.81,5.63,6.06,5.28,5.97,5.52,6.07,5.43,5.37,5.49,5.29,5.38,4.52,5.72,5.81,5.31,5.57,5.41,5.3,5.71,5.51,5.6,5.29,5.36,5.3,4.46,4.9,4.69,5.02,4.97,5.36,4.52,5.6,4.1,5.53,5.36,5.36,5.58,5.51,5.54,5.91,5.88,5.31,5.67,5.5,4.1,10.81,5.77471698113208
"C17orf101",10.82,10.75,10.46,7,6.72,6.43,6.89,7.11,6.9,7.06,7.31,6.72,7.36,7.32,6.84,7.19,6.65,6.58,6.6,6.37,6.89,6.48,6.67,7.05,6.83,6.6,6.84,6.66,7.16,6.56,6.15,5.84,6.02,5.52,6.2,6.22,6.07,5.64,6.14,6.64,5.77,5.85,5.23,4.93,6.09,6.07,5.47,5.17,5.4,5.32,5.61,4.93,10.82,6.6777358490566
"SGSM3",10.82,10.54,10.4,6.56,6.75,6.34,6.54,7.04,6.86,6.35,6.88,6.08,6.75,6.63,6.69,6.04,6.75,6.65,6.11,6.57,6.84,6.26,6.31,6.04,6.05,6.6,6.24,6.68,6.91,6.4,6.36,5.33,6.05,5.73,6.45,6.23,5.79,5.34,6.1,5.88,5.75,6.28,6.58,6.35,6.28,6.51,5.93,5.7,5.8,6.05,6.1,5.33,10.82,6.61169811320755
"TNRC6B",9.44,10.21,10.83,6.35,7.31,7.03,7.3,6.3,7.12,6.84,5.72,6.58,6.17,6.64,6.83,7.52,6.93,6.69,6.9,6.33,7.44,6.98,6.94,6.59,7.1,6.93,7.51,7.49,6.03,7,5.97,6.22,6.73,6.6,6.08,5.96,6.06,6.54,5.98,6.19,6.58,7.16,7.12,7.56,7.19,7.3,6.51,5.8,5.21,5.63,5.89,5.21,10.83,6.89377358490566
"GTPBP1",10.77,10.84,10.85,6.1,5.66,5.16,5.79,5.87,5.93,5.93,6.24,5.68,6.09,6.16,6.08,5.88,5.6,6.26,5.41,6.16,6.15,4.93,5.39,5.23,5.39,6.17,5.34,6.18,5.88,5.67,6.02,5.7,5.75,5.49,5.74,5.65,5.33,5.28,5.75,5.39,5.19,5.69,5.79,5.6,5.38,5.22,6.75,6.38,6.19,6.22,6.18,4.93,10.85,6.13698113207547
"LLPH",9.84,10.85,9.82,6.87,6.92,6.83,6.67,6.91,6.52,6.78,6.75,6.93,6.89,6.73,6.97,6.76,6.61,6.42,6.77,6.91,6.68,6.75,6.5,6.67,7.11,6.83,6.73,6.54,6.81,6.77,3.95,3.95,4.39,4.92,5.24,4.03,3.32,3.89,4.19,2.68,3.26,5.46,5.21,4.56,4.87,4.34,5.51,4.33,4.44,4.31,4.41,2.68,10.85,5.99867924528302
"TRIOBP",10.96,9.97,9.66,8.19,8.4,7.87,8.18,8.38,8.45,8.22,8.46,8.35,8.81,8.67,8.16,8.32,7.91,8.13,7.9,8.05,8.25,8.15,8.34,8.46,7.95,8.08,8.59,8.37,8.32,8.13,8.6,8.8,8.75,7.91,8.62,8.98,9.13,7.98,8.97,8.39,8.69,8.79,8.77,8.77,8.67,8.62,8.67,9.13,8.41,8.87,9.25,7.87,10.96,8.59018867924528
"ADSL",9.84,10.98,9.07,8.54,8.58,8.2,8.47,8.65,8.6,8.65,8.91,8.38,8.64,9.05,8.42,8.6,8.64,8.72,8.81,8.66,8.52,8.37,8.48,8.58,8.52,8.45,8.59,8.31,8.74,8.66,7.65,7.82,7.65,8.13,7.59,7.73,7.81,7.81,7.74,7.86,7.49,7.92,8.02,7.71,7.94,7.74,6.83,7.71,7.64,8.52,8.7,6.83,10.98,8.36698113207547
"EIF4A3",11,2.51,9.92,9.56,9.4,9.4,9.32,9.42,9,9.4,9.3,9.38,9.24,9.53,9.44,9.2,9.43,9.26,9.66,9.24,9.34,9.58,9.39,9.58,8.92,9.31,9.3,9.28,9.45,9.88,8.37,8.61,8.53,8.38,8.11,8.31,8.34,8.24,8.33,8.31,8.57,8.74,9.13,8.73,8.5,8.58,7.41,8.1,8.52,8.36,8.82,2.51,11,8.81396226415094
"TSSC4",11.01,10.71,10.82,6.53,6.21,5.75,6.47,7.23,5.88,7.07,7.6,4.14,7.3,7.15,6.84,6.68,6.21,6.31,6.6,6.72,6.8,5.64,3.14,5.33,5.55,6.91,6.41,6.73,7.37,7.09,6.66,5.33,6.13,5.77,5.45,6.28,6.45,5.17,5.93,5.56,5.49,5.94,6.56,6.62,6.17,6.18,6.15,5.94,5.86,6,6.02,3.14,11.01,6.49075471698113
"SECTM1",9.05,11.03,9.45,6.18,6.01,6.51,6.28,6.34,6.95,6.9,6.61,6.08,6.83,6.62,5.48,6.26,5.71,5.89,6.26,5.67,6.03,5.89,5.61,6.55,6,5.63,5.28,6.14,5.19,6.03,7.38,6.41,6.63,7.24,6.07,6.41,6.09,5.62,5.77,4.31,5.68,6.86,5.84,6.09,5.71,6.22,6.21,5.4,6.03,5.61,5.33,4.31,11.03,6.35301886792453
"DEAF1",11.05,10.03,10.86,5.43,5.41,6.19,6.2,6.7,6.03,6.14,6.5,5.9,6.31,6.22,6.47,5.59,6.67,6.3,6.03,6.44,6.2,5.5,5.49,5.5,5.37,6.12,6.03,5.97,6.24,5.72,5.55,5.34,6.13,5.63,5.85,6.35,6.37,6.21,5.75,5.33,5.45,6.78,6.81,7.4,6.47,6.22,5.5,5.68,5.8,5.74,6.07,5.33,11.05,6.36641509433962
"MRPL23",10.49,6.71,11.08,7.17,6.97,7.04,6.87,7.1,7.34,7.18,7.31,6.4,7.16,7.22,6.89,6.75,7.54,7.13,6.63,7.3,7.07,6.17,6.31,6.38,5.87,6.96,6.93,7.3,7.8,6.94,6.69,6.2,6.83,6.27,6.97,6.99,7.45,6.54,6.81,7.08,6.52,6.92,7.34,7.54,6.94,7.03,6.06,6.66,7.28,6.93,7.59,5.87,11.08,7.12452830188679
"PSMD13",11.09,10.99,10.52,8.05,7.97,7.8,7.86,8.25,8.26,8.23,8.26,7.39,8.17,8.26,7.94,8.04,8.07,7.97,7.74,7.85,8.03,7.2,6.99,7.32,6.86,8,8.11,8.17,8.5,7.7,6.99,6.28,6.77,6.39,6.82,6.89,6.99,6.74,6.94,6.63,6.68,7.03,7.52,7.56,7.52,7.23,6.07,6.56,7.02,7,7.18,6.07,11.09,7.68981132075472
"TMEM80",11.07,11.2,10.91,7.36,7.19,6.81,7.28,7.01,7.03,6.74,7.34,6.86,7.14,7.36,7.04,7.12,6.95,7.18,7.23,7.29,7.35,6.54,6.64,6.82,6.42,7.3,7.46,7.02,7.15,6.85,6.03,5.79,5.55,5.45,5.66,6.12,5.68,5.52,5.86,5.55,5.18,5.85,6.71,6.83,6.39,6.3,5.7,5.94,6.22,6.24,6.28,5.18,11.2,6.88471698113208
"DCXR",9.72,3.74,11.23,8.67,6.98,7.22,7.42,7.69,7.72,7.47,7.62,6.9,7.75,7.88,7.46,8.05,7.6,8.08,7.62,7.68,8.84,6.19,5.53,6.48,5.5,7.86,7.84,7.82,8.03,7.51,6.38,6.35,4.7,5.6,6.62,6.44,7.38,7.14,7.16,6.49,6.85,5.33,7.78,6.81,6.85,7.26,6.13,6.64,6.79,7.69,7.57,3.74,11.23,7.18924528301887
"DDX17",9.87,11.3,11.14,9.91,10.27,10.08,10.27,10.23,10.22,10.16,10.07,10.58,10.15,10.23,10.21,10.31,10.24,10.12,10.22,10.07,10.31,10.35,10.56,9.82,10.15,10.31,10.25,10.5,10.15,10.05,9.69,9.39,9.65,9.88,9.96,9.45,8.93,9.13,9.32,9.69,9.54,10.38,10,9.6,9.58,9.63,9.05,9.8,9.81,9.33,9.93,8.93,11.3,10.001320754717
"TBCD",11.3,7.48,10.72,5.79,6,5.75,6.22,6.78,6.71,6.66,6.46,5.74,6.47,6.9,6.62,6.62,6.08,6.32,6.27,6.39,6.44,4.95,5.33,4.34,4.97,5.88,5.91,6.17,6.55,6.19,6.51,5.55,6.22,5.63,6.44,6.23,6.55,5.97,6.05,6.03,5.51,6.02,6.54,6.46,6.2,6.58,6.93,6.75,6.58,6.39,6.66,4.34,11.3,6.44245283018868
"H1F0",11.31,2.51,10.87,9.6,9.81,8.92,8.73,9.32,9.67,9.6,10.31,10.65,10.48,10.29,10.04,9.66,9.39,8.49,10.47,10.03,9.79,9.36,8.24,9.42,9.6,9.62,9.31,9.5,8.44,9.72,8.51,8.27,9.26,8.74,8.93,8.63,8.38,8.68,9.09,7.71,8.75,8.62,8.23,7.54,8.45,9.06,7.38,8.51,9.4,8.22,8.66,2.51,11.31,8.98094339622642
"TOMM22",11.38,11.33,10.05,7.52,6.92,7.32,7.08,7.31,6.73,7.12,7.63,6.73,7.49,7.39,7.51,7.32,7.62,7.77,7.35,7.52,7.06,7.12,6.92,7.11,6.74,6.99,7.24,6.89,7.28,7.65,6.14,6.42,6.39,6.29,5.84,6.15,5.55,6.34,6.34,6.39,7.01,6.77,7.32,6.43,7.19,7.05,5.69,5.32,5.66,5.52,5.71,5.32,11.38,7.10018867924528
"LEMD3",10.83,11.61,11.63,8.47,8.83,8.17,8.51,8.06,8.58,8.4,8.23,9.18,8.3,8.38,8.49,8.41,8.51,8.68,8.94,8.23,8.61,8.37,9.06,7.62,8.69,8.02,8.52,8.3,8.62,8.56,7.7,7.97,8.08,7.41,8.04,7.97,7.08,7.39,7.79,7.74,7.67,7.21,7.77,7.22,6.83,6.97,7.73,7.45,8.29,7.97,8.1,6.83,11.63,8.33301886792453
"CYTH1",11.42,11.63,11.29,6.07,5.69,5.75,5.84,5.97,6.31,5.54,6.06,5.62,5.39,5.5,5.83,5.84,6.06,6.13,6.13,5.94,5.5,5.72,5.23,5.88,5.66,6.31,5.52,5.86,5.65,5.82,5.22,4.98,5.35,4.67,5.09,5.15,5.15,5.58,5.33,4.88,4.95,6.13,6.29,6.19,5.32,5.86,5.99,5.73,4.95,5.49,5.15,4.67,11.63,6.05490566037736
"SOCS3",8.7,11.67,7.57,8.55,4.55,7.03,5.85,4.7,8.33,6.75,5.13,5.91,5.01,4.31,6.87,7.6,6.25,6.18,5.76,4.93,4.18,8.97,5.36,6.03,4.3,10.78,7.61,9.92,6.03,6.31,4.43,3.7,3.13,4.18,4.08,5.15,4.92,5.95,4.01,3.46,4.76,7.47,6.81,7.69,5.08,5.59,5.24,5.73,4.69,4.79,4.35,3.13,11.67,6.05943396226415
"FN3KRP",11.53,11.76,11.67,8.31,8.2,7.9,7.94,8.3,7.9,8.17,8.61,8.13,8.44,8.2,8.22,8.26,8.44,8.61,8.97,8.99,8.31,8.37,8.47,7.9,8.19,8.02,8.42,8.36,8.53,8.79,7.17,7.51,7.21,7.64,7.28,7.42,7.18,7.18,7.3,7.53,7.34,7.49,7.47,7.63,7.91,7.64,6.15,6.93,8.29,7.69,7.62,6.15,11.76,8.17735849056604
"SIGIRR",11.03,11.64,11.85,7.79,7.29,7.13,7.4,7.87,8.07,7.63,8.18,6.85,8.12,7.9,7.53,7.46,7.65,7.6,7.35,7.8,7.6,6.77,6.8,6.99,6.52,7.43,7.5,7.63,8.15,7.49,6.49,6.36,6.77,6.44,5.59,6.17,7.06,6.23,6.14,5.77,6.06,7.21,7.32,7.23,7.32,7.13,6.31,6.51,6.17,6.58,6.52,5.59,11.85,7.39320754716981
"JOSD1",11.14,11.97,10.83,8.32,8.29,7.74,8.24,8.78,8.69,8.56,8.55,8.58,8.77,8.53,8.29,8.51,8.13,8.76,7.95,8.51,8.48,7.67,7.51,7.92,8.15,8.56,8.14,7.8,8.47,8.47,7,7.21,7.04,7.61,6.82,7.49,7.18,7.21,6.69,6.94,7.08,7.51,8.56,7.57,7.43,7.69,6.92,7.51,6.84,7.55,7.43,6.69,11.97,8.11792452830189
"SLC38A10",12.11,11.83,11.88,6.05,5.63,5.54,5.68,5.99,5.89,6.26,6.39,5.51,6.15,6.04,5.45,6.05,5.84,5.89,5.6,6.06,5.42,5.14,5.15,5.45,5.21,5.59,5.35,5.63,5.94,5.66,8.62,7.8,7.96,7.83,7.82,7.67,8.58,7.78,7.68,7.16,7.49,7.3,7.46,7.97,7.37,7.73,6.17,7.47,7.56,7.84,7.87,5.14,12.11,6.9577358490566
"CARD10",12.13,11.26,10.94,5.42,6.09,5.45,6.2,6.62,6.03,7.26,6.05,5.23,6.04,6.73,5.61,6.59,5.91,5.41,5.51,5.68,6.11,5.33,5.13,5.32,5.64,6.22,6.46,6.27,6.92,5.67,5.35,4.69,4.73,5.13,4.42,5.36,5.11,4.8,4.75,4.99,4.28,6.01,5.3,5.5,6.27,6.02,5.96,5.39,5.38,5.87,5.64,4.28,12.13,6.08660377358491
"HGS",12.44,11.96,12.12,7,6.89,6.75,7.48,7.54,6.78,7.56,7.95,6.67,7.62,7.78,7.42,7.62,6.91,7.14,6.98,7.68,7.53,6.61,6.36,6.62,6.76,7.2,6.78,7.2,7.42,7.23,8.11,6.95,7.51,7.93,7.33,7.96,8.39,7.83,7.8,7.04,7.1,8.2,8.3,8.24,7.95,7.92,7.94,8.15,8.3,8.53,8.1,6.36,12.44,7.81849056603774
"POLR2F",12.45,12.32,12.4,7.68,7.78,7.93,7.66,7.56,7.52,7.78,7.44,7.43,7.65,7.44,8.05,7.58,8.28,7.7,7.84,7.31,7.85,7.2,6.93,6.81,7,7.82,8.02,7.98,7.85,7.43,6.88,6.71,7.42,7.38,6.97,7.42,7.2,7.19,7.19,7.41,6.9,6.54,7.09,7.11,6.59,6.85,6.71,6.56,6.58,7.04,7.33,6.54,12.45,7.7122641509434
"MAFG",11.63,12.57,11.91,6.54,6.64,6.35,6.66,6.75,6.84,6.86,6.43,6.33,6.84,6.57,6.41,6.76,6.17,6.79,6.19,6.94,6.5,5.89,5.98,6.37,5.71,6.37,6.68,6.2,6.84,6.62,5.8,5.7,5.7,5.89,6.61,6,5.98,5.78,6.15,4.81,5.64,6.4,5.76,6.61,6.41,6.18,6.24,6.08,6.46,6.14,5.79,4.81,12.57,6.69528301886792
"TALDO1",13,12.27,12.81,9.49,9.39,9.11,9.25,9.51,9.71,9.47,9.98,8.95,9.91,9.75,9.32,9.65,9.73,9.4,9.19,9.34,9.58,8.81,8.32,9.04,8.89,9.22,9.4,9.37,9.86,9.49,8.25,8.11,8.55,7.96,8.04,8.21,8.76,8.19,8.42,8.17,8.09,7.82,8.89,8.43,8.06,8.09,7.46,8.91,9.34,9.4,9.52,7.46,13,9.21396226415094
"CSNK1D",12.76,13.03,11.7,8.32,7.89,7.94,7.87,8.27,8.25,8.16,8.66,8.27,8.66,8.12,7.98,7.87,7.8,7.98,7.98,8.26,8.39,7.52,7.43,7.71,7.45,7.92,8.11,7.71,8.44,8.34,6.41,6.77,6.39,6.27,6.82,6.33,6.62,6.53,6.87,6.28,6.88,7.26,7.93,7.7,7.6,7.59,6.43,7.31,7.7,7.36,7.48,6.27,13.03,7.93622641509434
"GAA",13.29,12.24,13.5,7.7,7.74,7.6,7.83,8.29,7.91,8.4,8.24,6.98,7.97,8.16,8.07,7.99,8,8.21,7.97,7.85,7.68,7.58,7.07,7.46,7.15,7.89,7.3,7.53,8.03,7.92,7.69,6.85,7.18,7.2,7.1,7.7,7.5,7.49,7.77,6.88,6.84,7.6,7.9,7.68,7.8,7.39,7.25,7.25,6.86,7.05,6.7,6.7,13.5,7.98924528301887
"CBX7",13.49,13.66,13.09,9.26,9.57,9.62,9.64,9.51,9.16,9.9,9.3,9.41,9.47,9.88,9.84,9.75,9.39,9.26,9.76,9.59,9.14,9.11,8.48,8.55,9.69,9.16,9.42,9.56,9.95,9.84,8.95,8.13,8.76,8.91,7.71,7.97,8.06,9.14,8.06,6.4,8.7,8.87,7.87,7.95,8.11,8.24,8.05,7.78,7.25,8.85,7.69,6.4,13.66,9.18792452830189
"POLR2L",12.74,13.64,13.73,9.95,9.65,9.42,9.71,10.08,9.89,10.09,10.45,8.8,10.38,10.1,9.24,10.02,9.47,9.44,8.8,9.93,9.5,8.81,8.43,9.22,8.4,9.89,9.82,9.89,10.3,9.71,7.93,8.29,7.87,7.55,7,7.59,8.57,8.17,8.24,7.44,7.71,7.9,8.11,8.67,8.26,8.01,6.6,7.83,8.37,8.15,7.93,6.6,13.73,9.17018867924528
"WDR45L",13.17,13.8,13.71,9.44,9.37,9.6,8.94,9.27,9.37,9.63,9.62,9.78,9.74,9.52,9.23,8.87,9.24,9.61,9.35,9.21,9.45,9.55,9.23,9.57,9.26,9.45,9.36,9.41,9.12,9.31,8.64,8.53,8.42,8.68,8.96,8.47,8.4,8.44,8.88,8.31,8.7,8.41,8.82,8.5,8.63,8.67,6.52,8.14,8.31,8.12,8.46,6.52,13.8,9.27377358490566
"EIF3L",14.12,14.11,13.49,11.67,12.23,11.94,12.35,12.19,12.08,12.31,12.29,11.87,12.55,12.76,12.12,12.56,12.3,12.28,12.29,12.18,12.3,11.6,12.1,11.37,12.04,12.4,12.32,12.72,12.32,12.23,11.5,10.9,11.03,10.82,11.03,11.02,10.74,10.66,10.88,11.13,10.61,11.11,10.96,10.69,10.73,10.77,9.88,10.9,10.47,11.09,11.43,9.88,14.12,11.7630188679245
"TMEM184B",14.18,13.99,13.53,7.43,7.41,7.49,7.81,7.96,7.83,7.14,7.27,7.39,7.5,7.5,7.18,6.84,7.09,7.74,7.21,7.94,7.51,7.26,7.42,8.06,7.64,7.6,7.44,7.23,7.64,6.73,6.93,6.55,6.54,6.62,7.23,6.75,7.6,6.26,6.83,6.94,6.74,7.31,7.66,7.3,6.87,6.98,7.16,7.92,6.89,7.67,8.08,6.26,14.18,7.77792452830189
"CSNK1E",14.19,12.06,14.46,5.69,5.7,5.43,5.91,6.29,6.02,6.32,5.88,4.91,5.53,6.2,5.82,6.2,5.72,6.35,6.06,5.8,4.99,4.87,5.35,5.12,5.91,6.65,5.45,6.87,5.58,5.89,2.35,3.96,3.09,2.54,3.29,2.89,3.28,2.58,3.32,2.91,3.52,4.43,4.4,4.07,3.88,4.03,7.16,6.65,6.22,6.11,6.36,2.35,14.46,5.68056603773585
"GALR3",14.48,12.82,12.62,2.58,3.6,3.42,4.51,3.49,5.71,3.7,4.55,2.85,1.58,3.6,3.95,2,4.67,3.87,3.51,3.35,3.36,3.41,4.09,3.66,2.77,4.27,4.53,4.15,2.17,2.98,4.72,5.29,5.15,4.64,3.32,3.94,4.31,4.94,4.79,5.4,4.78,5.38,5.13,3.9,3.61,4.81,6.83,5.89,5.9,5.55,5.45,1.58,14.48,4.83094339622641
"RNH1",14.63,14.15,13.75,9.73,8.87,8.62,8.47,8.95,9.17,9.31,10,7.94,9.92,9.48,9,9.43,8.8,9.07,8.66,9.06,8.87,8.09,7.94,8.32,8.09,9.14,8.86,8.89,9.64,9.27,8.66,7.89,8.56,8.47,7.83,8.22,9.44,8.92,8.62,7.64,8.34,9.36,9.6,9.61,9.49,9.66,8.05,8.78,8.78,9.02,8.7,7.64,14.63,9.24584905660377
"ATF4",14.96,15.67,15.44,11.66,11.51,11.69,11.45,11.77,12.02,11.65,11.97,11.26,11.97,11.72,11.47,11.43,11.3,11.53,11.22,11.61,11.54,10.93,10.33,11.26,11.14,11.75,11.59,11.69,11.75,11.62,10.35,10.15,10.18,10.27,9.9,9.61,10.63,10.34,10.26,9.35,9.52,10.41,10.43,10.87,10.1,10.27,9.12,10.08,9.33,10.2,9.74,9.12,15.67,11.1849056603774
"CD81",15.66,4.92,15.71,12.4,12.31,12.34,12.42,12.58,12.43,12.4,12.84,12.22,12.72,12.41,12.25,12.44,12.31,12.32,11.92,12.54,12.51,12.33,12.21,12.38,12.15,12.52,12.3,12.35,12.34,12.31,11.48,10.83,11.42,10.98,11.06,11.1,11.66,11.18,11.62,10.9,11.16,11.67,11.78,11.93,11.64,11.79,10.44,11.33,11.69,11.31,11.13,4.92,15.71,11.8730188679245
"IFITM3",15.26,15.74,15.78,12.48,12.38,12.36,12.43,12.75,12.55,12.32,12.69,12.23,12.88,12.58,12.17,12.58,12.18,12.75,11.7,12.36,12.68,11.85,12.38,11.93,11.28,12.81,12.8,12.84,12.42,12.46,10.85,11.01,10.98,10.67,10.01,10.66,11.38,10.47,11.38,10.72,10.63,11.29,12.19,12.54,11.78,11.9,10.58,11.73,10.67,11.44,11.41,10.01,15.78,12.1075471698113
"DRD4",16.39,15.25,15.31,0.26,0.26,0.14,0.58,0.14,2.17,3.04,0.38,-0.32,0.85,2.43,1.07,0,0.26,0.77,0.58,1.07,1.38,0.14,0.68,0.26,0.26,0.93,0.58,1.26,2.1,0.26,2.89,1,1.2,1.07,3.75,2.7,1.43,0.77,0.26,-0.15,0,1.43,3.04,2.83,0.77,0.93,4.66,4.34,4.29,4.2,4.07,-0.32,16.39,2.45339622641509
"RPL3",16.9,16.41,16.24,12.84,13.18,12.92,13.21,13.33,13.18,12.95,13.03,13.08,13.17,13.14,12.94,12.97,13.25,13.23,13.04,13.04,13.36,12.92,13.38,12.45,12.83,13.55,13.4,13.68,13.12,13.18,12.61,12.3,12.65,12.46,12.39,12.54,12.32,12.08,12.43,12.52,12.33,12.8,12.93,12.68,12.65,12.48,12.81,12.78,12.31,12.67,12.94,12.08,16.9,13.1430188679245
"LGALS1",17.09,17.15,17.11,12.91,13.12,12.79,13.09,13.35,13.43,12.85,13.09,12.98,13.3,12.97,12.64,12.93,13,13.19,12.42,13.08,13.25,12.8,13.08,12.82,12.46,13.55,13.42,13.55,13.01,13.12,12.06,12.08,12.18,11.45,12.12,11.56,12.4,11.92,12.68,12.11,12.11,12.08,12.99,12.64,12.09,12.09,10.83,11.92,11.28,12.26,12.23,10.83,17.15,12.9171698113208
"RPLP2",17.16,17.41,17.12,5.8,6.6,4.67,6.14,4.53,6.02,3.79,4.4,6.55,5.09,4.62,5.76,5.07,5.89,4.84,5.07,4.59,6.5,6.7,6.76,6.24,6.95,6.1,6.33,6.19,3.19,4.96,4.49,3.71,3.86,4.29,5.17,4.55,3.9,4.02,4.15,3.39,3.79,2.29,2.79,4.01,3.81,3.38,4.22,3.94,4.02,3.82,4.09,2.29,17.41,5.70622641509434
